epocas;erro
0;0.2714634464861135
500;0.2500167235529182
